"","x"
"1","GSM2882963"
"2","GSM2882964"
"3","GSM2882965"
"4","GSM2882966"
"5","GSM2882967"
"6","GSM2882968"
"7","GSM2882969"
"8","GSM2882970"
"9","GSM2882971"
"10","GSM2882972"
"11","GSM2882973"
"12","GSM2882974"
"13","GSM2882975"
"14","GSM2882976"
"15","GSM2882977"
"16","GSM2882978"
"17","GSM2882979"
"18","GSM2882980"
"19","GSM2882981"
"20","GSM2882982"
"21","GSM2882983"
"22","GSM2882984"
"23","GSM2882985"
"24","GSM2882986"
"25","GSM2882987"
"26","GSM2882988"
"27","GSM2882989"
"28","GSM2882990"
"29","GSM2882991"
"30","GSM2882992"
"31","GSM2882993"
"32","GSM2882995"
"33","GSM2882996"
"34","GSM2882997"
"35","GSM2882998"
"36","GSM2882999"
"37","GSM2883000"
"38","GSM2883001"
"39","GSM2883002"
"40","GSM2883003"
"41","GSM2883004"
"42","GSM2883005"
"43","GSM2883006"
"44","GSM2883007"
"45","GSM2883008"
"46","GSM2883009"
"47","GSM2883010"
"48","GSM2883011"
"49","GSM2883012"
"50","GSM2883013"
"51","GSM2883014"
"52","GSM2883015"
"53","GSM2883016"
"54","GSM2883017"
"55","GSM2883018"
"56","GSM2883019"
